id,project_id,run_id,symbol,direction,strategy_type,time_horizon,entry_plan,take_profit,stop_loss,risk_reward,position_size_usdt,max_loss_usdt,total_score,hawk_votes,sage_approved,kill_switch_passed,kill_switch_details,agent_vote_summary,news_summary,status,expires_at,approved_by,approved_at,rejection_reason,full_proposal_md,created_at,updated_at,raw_payload
06d1d705-aca9-437e-9919-0ef80e76fa06,288bc95a-b4da-46e7-bdfa-b5630233f586,2f4aada5-85e4-4be2-b80d-e2c46eb71836,BTCUSDT,LONG,TREND_CONTINUATION,SHORT_TERM,"{""primary_entry"": 63673.07, ""entry_zone_low"": 63000.0, ""entry_rationale"": ""Entry zone based on EMA-20 and EMA-50 indicators"", ""entry_zone_high"": 64000.0}","[{""rr_ratio"": 2.0, ""size_pct"": 50, ""tp_level"": 67084.81}, {""rr_ratio"": 3.0, ""size_pct"": 30, ""tp_level"": 68790.68}, {""rr_ratio"": 4.0, ""size_pct"": 20, ""tp_level"": 70496.55}]",61967.2,2,40,1.0716,51.5,3,t,t,"{""warnings"": [""LEVERAGE: Max leverage is 1x (spot/no-leverage mode).""], ""checks_run"": [""sl_required"", ""tp_required"", ""risk_reward"", ""risk_per_trade"", ""market_regime"", ""leverage"", ""max_positions"", ""daily_loss"", ""consecutive_losses""], ""proposal_normalized"": true, ""adjusted_position_size_usdt"": null}","{""main_risk"": ""Bearish structure and counter trend"", ""sage_notes"": ""No notes provided"", ""main_bull_case"": ""Trend continuation based on EMA indicators"", ""consensus_strength"": ""MODERATE"", ""majority_direction"": ""BEARISH""}","Bitcoin price surges despite extreme fear in the market, driven by global economic uncertainty. Investors are turning to Bitcoin as a safe-haven asset.",REJECTED,2026-06-14 12:38:38.415169+00,,2026-06-14 12:08:42.816478+00,Execution preflight failed: PREFLIGHT NOTIONAL: notional_usdt 40.0 < minNotional 50.0,"This trade proposal is based on a trend continuation strategy, with an entry zone between $63,000 and $64,000. The primary entry is set at $63,673.07, based on the EMA-20 indicator. The stop loss is set at $61,967.20, with a risk-reward ratio of 2.0. The take profit levels are set at $65,939.81, $67,206.55, and $68,473.29, with size percentages of 50%, 30%, and 20%, respectively.",2026-06-14 04:15:32.38935+00,2026-06-14 04:15:32.38935+00,"{""agent"": ""crypto_trade_proposal"", ""symbol"": ""BTCUSDT"", ""direction"": ""LONG"", ""stop_loss"": 61967.2, ""entry_plan"": {""primary_entry"": 63673.07, ""entry_zone_low"": 63000.0, ""entry_rationale"": ""Entry zone based on EMA-20 and EMA-50 indicators"", ""entry_zone_high"": 64000.0}, ""hawk_votes"": {""hawk_trend"": ""BULLISH (confidence not provided)"", ""hawk_counter"": ""BEARISH (68)"", ""hawk_structure"": ""BEARISH (70)""}, ""compiled_at"": ""2026-06-14T12:45:00Z"", ""market_type"": ""spot"", ""risk_reward"": 2.0, ""take_profit"": [{""rr_ratio"": 2.0, ""size_pct"": 50, ""tp_level"": 65939.81}, {""rr_ratio"": 3.0, ""size_pct"": 30, ""tp_level"": 67206.55}, {""rr_ratio"": 4.0, ""size_pct"": 20, ""tp_level"": 68473.29}], ""total_score"": 51.5, ""news_summary"": ""Bitcoin price surges despite extreme fear in the market, driven by global economic uncertainty. Investors are turning to Bitcoin as a safe-haven asset."", ""time_horizon"": ""SHORT_TERM"", ""max_loss_usdt"": 68.0, ""sage_approved"": true, ""strategy_type"": ""TREND_CONTINUATION"", ""market_context"": {""regime"": ""unknown"", ""key_news"": [""Bitcoin price surges despite extreme fear in the market"", ""Global economic uncertainty drives investors to Bitcoin""], ""fear_greed"": 18}, ""approval_status"": ""PENDING_APPROVAL"", ""full_proposal_md"": ""This trade proposal is based on a trend continuation strategy, with an entry zone between $63,000 and $64,000. The primary entry is set at $63,673.07, based on the EMA-20 indicator. The stop loss is set at $61,967.20, with a risk-reward ratio of 2.0. The take profit levels are set at $65,939.81, $67,206.55, and $68,473.29, with size percentages of 50%, 30%, and 20%, respectively."", ""approval_required"": true, ""agent_vote_summary"": {""main_risk"": ""Bearish structure and counter trend"", ""sage_notes"": ""No notes provided"", ""main_bull_case"": ""Trend continuation based on EMA indicators"", ""consensus_strength"": ""MODERATE"", ""majority_direction"": ""BEARISH""}, ""invalidation_level"": 61967.2, ""kill_switch_passed"": null, ""position_size_usdt"": 40.0}"
70674760-249c-4456-a51d-8a22b21e8d60,288bc95a-b4da-46e7-bdfa-b5630233f586,b8ec3eb0-4f35-4585-b219-1b4d4871e845,SOLUSDT,SHORT,MEAN_REVERSION,SHORT_TERM,"{""primary_entry"": 67.61, ""entry_zone_low"": 67.55, ""entry_rationale"": ""Entry zone derived from the HAWK with highest confidence (counter HAWK) around current price."", ""entry_zone_high"": 67.67}","[{""rr_ratio"": 2.0, ""size_pct"": 50, ""tp_level"": 65.83}, {""rr_ratio"": 3.0, ""size_pct"": 30, ""tp_level"": 64.94}, {""rr_ratio"": 4.0, ""size_pct"": 20, ""tp_level"": 64.05}]",68.5,2,40,0.5265,64.75,3,t,t,"{""warnings"": [""LEVERAGE: Max leverage is 1x (spot/no-leverage mode).""], ""checks_run"": [""sl_required"", ""tp_required"", ""risk_reward"", ""risk_per_trade"", ""market_regime"", ""leverage"", ""max_positions"", ""daily_loss"", ""consecutive_losses""], ""proposal_normalized"": true, ""adjusted_position_size_usdt"": null}","{""main_risk"": ""Counter HAWK flags bearish pressure could reverse if long‑short ratio shifts."", ""sage_notes"": ""Maintain tight risk; monitor funding rate and fear/greed index."", ""main_bull_case"": ""Price near VWAP and short‑term RSI suggests limited upside."", ""consensus_strength"": ""MODERATE"", ""majority_direction"": ""SHORT""}","Sentiment remains in extreme fear, supporting downside pressure on SOL. Funding rate is slightly negative, indicating slight incentive for short positions.",EXECUTED,2026-06-14 14:04:47.965928+00,,2026-06-14 13:34:52.014304+00,,"# SOLUSDT Short Trade Proposal (Paper)
- **Entry**: 67.61 USDT (zone 67.55‑67.67) based on the highest‑confidence counter HAWK.
- **Stop Loss**: 68.50 USDT (invalidation level).
- **Take Profits**:
  - TP1: 65.83 USDT (RR 2.0, 50% of position)
  - TP2: 64.94 USDT (RR 3.0, 30% of position)
  - TP3: 64.05 USDT (RR 4.0, 20% of position)
- **Risk**: Max loss ≈ 0.53 USDT on a 40 USDT position (≈ 1.3% of position).
- **Rationale**: HAWK votes are bearish (structure & counter) with moderate confidence (total score ≈ 65). Market sentiment is in extreme fear, funding rate is negative, and RSI on 4h is neutral, supporting a short bias.
- **Time Horizon**: Targets are reachable within the next 24 hours (short‑term).
- **Notes**: Watch for rapid shifts in long/short ratio and any news that could lift sentiment.",2026-06-14 13:30:55.982837+00,2026-06-14 13:30:55.982837+00,"{""agent"": ""crypto_trade_proposal"", ""symbol"": ""SOLUSDT"", ""direction"": ""SHORT"", ""stop_loss"": 68.5, ""entry_plan"": {""primary_entry"": 67.61, ""entry_zone_low"": 67.55, ""entry_rationale"": ""Entry zone derived from the HAWK with highest confidence (counter HAWK) around current price."", ""entry_zone_high"": 67.67}, ""hawk_votes"": {""hawk_trend"": ""NEUTRAL (60)"", ""hawk_counter"": ""BEARISH (70)"", ""hawk_structure"": ""BEARISH (65)""}, ""compiled_at"": ""2026-06-14T13:45:00Z"", ""market_type"": ""spot"", ""risk_reward"": 2.0, ""take_profit"": [{""rr_ratio"": 2.0, ""size_pct"": 50, ""tp_level"": 65.83}, {""rr_ratio"": 3.0, ""size_pct"": 30, ""tp_level"": 64.94}, {""rr_ratio"": 4.0, ""size_pct"": 20, ""tp_level"": 64.05}], ""total_score"": 64.75, ""news_summary"": ""Sentiment remains in extreme fear, supporting downside pressure on SOL. Funding rate is slightly negative, indicating slight incentive for short positions."", ""time_horizon"": ""SHORT_TERM"", ""max_loss_usdt"": 0.527, ""sage_approved"": true, ""strategy_type"": ""MEAN_REVERSION"", ""market_context"": {""regime"": ""UNKNOWN"", ""key_news"": [""Extreme fear sentiment persists"", ""Funding rate remains slightly negative""], ""fear_greed"": 18}, ""approval_status"": ""PENDING_APPROVAL"", ""full_proposal_md"": ""# SOLUSDT Short Trade Proposal (Paper)\n- **Entry**: 67.61 USDT (zone 67.55‑67.67) based on the highest‑confidence counter HAWK.\n- **Stop Loss**: 68.50 USDT (invalidation level).\n- **Take Profits**:\n  - TP1: 65.83 USDT (RR 2.0, 50% of position)\n  - TP2: 64.94 USDT (RR 3.0, 30% of position)\n  - TP3: 64.05 USDT (RR 4.0, 20% of position)\n- **Risk**: Max loss ≈ 0.53 USDT on a 40 USDT position (≈ 1.3% of position).\n- **Rationale**: HAWK votes are bearish (structure & counter) with moderate confidence (total score ≈ 65). Market sentiment is in extreme fear, funding rate is negative, and RSI on 4h is neutral, supporting a short bias.\n- **Time Horizon**: Targets are reachable within the next 24 hours (short‑term).\n- **Notes**: Watch for rapid shifts in long/short ratio and any news that could lift sentiment.\n"", ""approval_required"": true, ""agent_vote_summary"": {""main_risk"": ""Counter HAWK flags bearish pressure could reverse if long‑short ratio shifts."", ""sage_notes"": ""Maintain tight risk; monitor funding rate and fear/greed index."", ""main_bull_case"": ""Price near VWAP and short‑term RSI suggests limited upside."", ""consensus_strength"": ""MODERATE"", ""majority_direction"": ""SHORT""}, ""invalidation_level"": 68.5, ""kill_switch_passed"": null, ""position_size_usdt"": 40.0}"
980ecd0e-0fa6-4846-9ec0-efc204a20b37,288bc95a-b4da-46e7-bdfa-b5630233f586,73d024d7-fc11-4449-971e-038006efef0c,BTCUSDT,SHORT,MEAN_REVERSION,SHORT_TERM,"{""primary_entry"": 64293.7, ""entry_zone_low"": 64280.0, ""entry_rationale"": ""Hawk_structure (confidence 70) identifies a bearish structure with price below short‑term EMAs and a tight VWAP resistance zone; entry is placed at the current close within that zone."", ""entry_zone_high"": 64310.0}","[{""rr_ratio"": 2.0, ""size_pct"": 50, ""tp_level"": 63281.1}, {""rr_ratio"": 3.0, ""size_pct"": 30, ""tp_level"": 62774.8}, {""rr_ratio"": 4.0, ""size_pct"": 20, ""tp_level"": 62268.5}]",64800,2,40,0.315,61.5,3,t,t,"{""warnings"": [""LEVERAGE: Max leverage is 1x (spot/no-leverage mode).""], ""checks_run"": [""sl_required"", ""tp_required"", ""risk_reward"", ""risk_per_trade"", ""market_regime"", ""leverage"", ""max_positions"", ""daily_loss"", ""consecutive_losses""], ""proposal_normalized"": true, ""adjusted_position_size_usdt"": null}","{""main_risk"": ""Counter hawk warns of potential short‑term rebound if buying pressure resurges."", ""sage_notes"": ""Overall bearish bias but monitor for rapid sentiment shift."", ""main_bull_case"": ""Price is near VWAP resistance and below short‑term EMAs, suggesting a pull‑back."", ""consensus_strength"": ""STRONG"", ""majority_direction"": ""SHORT""}","The Fear & Greed index shows extreme fear, supporting downside pressure. Funding rates remain slightly negative, indicating a modest bias toward short positions. No major macro events were detected.",REJECTED,2026-06-14 14:32:50.789976+00,,2026-06-14 14:02:54.858688+00,Execution preflight failed: PREFLIGHT NOTIONAL: notional_usdt 40.0 < minNotional 50.0,"# BTCUSDT Short Trade Proposal (Paper)
**Direction:** SHORT (Mean Reversion)
**Entry Zone:** 64,280 – 64,310 USDT (primary entry 64,293.7)
**Stop Loss / Invalidation:** 64,800 USDT (most conservative level from all hawks)
**Take‑Profit Targets:**
- TP1: 63,806.3 USDT (RR 2.0, 50% size)
- TP2: 63,318.9 USDT (RR 3.0, 30% size)
- TP3: 62,831.5 USDT (RR 4.0, 20% size)
**Risk Management:** Position size 40 USDT (4% of paper portfolio). Max loss ≈ 0.31 USDT (≈ 0.78% of position).
**Market Context:** Bearish regime, extreme fear sentiment, price below 4h EMA‑20/50 and near VWAP resistance. Hawk votes: Structure 70 % BEARISH, Counter 55 % BEARISH, Trend 60 % NEUTRAL → strong bearish consensus.
**Key Risks:** Potential short‑term bounce if buying pressure returns (highlighted by counter hawk).
**Time Horizon:** Targets reachable within the next 24 hours.
---
*Prepared for paper trading; pending human approval.*",2026-06-14 14:00:04.710307+00,2026-06-14 14:00:04.710307+00,"{""agent"": ""crypto_trade_proposal"", ""symbol"": ""BTCUSDT"", ""direction"": ""SHORT"", ""stop_loss"": 64800.0, ""entry_plan"": {""primary_entry"": 64293.7, ""entry_zone_low"": 64280.0, ""entry_rationale"": ""Hawk_structure (confidence 70) identifies a bearish structure with price below short‑term EMAs and a tight VWAP resistance zone; entry is placed at the current close within that zone."", ""entry_zone_high"": 64310.0}, ""hawk_votes"": {""hawk_trend"": ""NEUTRAL (60)"", ""hawk_counter"": ""BEARISH (55)"", ""hawk_structure"": ""BEARISH (70)""}, ""compiled_at"": ""2026-06-14T15:45:12Z"", ""market_type"": ""spot"", ""risk_reward"": 2.0, ""take_profit"": [{""rr_ratio"": 2.0, ""size_pct"": 50, ""tp_level"": 63806.3}, {""rr_ratio"": 3.0, ""size_pct"": 30, ""tp_level"": 63318.9}, {""rr_ratio"": 4.0, ""size_pct"": 20, ""tp_level"": 62831.5}], ""total_score"": 61.5, ""news_summary"": ""The Fear & Greed index shows extreme fear, supporting downside pressure. Funding rates remain slightly negative, indicating a modest bias toward short positions. No major macro events were detected."", ""time_horizon"": ""SHORT_TERM"", ""max_loss_usdt"": 0.31, ""sage_approved"": true, ""strategy_type"": ""MEAN_REVERSION"", ""market_context"": {""regime"": ""BEARISH"", ""key_news"": [""Extreme fear reading on Fear & Greed index"", ""Funding rate remains slightly negative""], ""fear_greed"": 18}, ""approval_status"": ""PENDING_APPROVAL"", ""full_proposal_md"": ""# BTCUSDT Short Trade Proposal (Paper)\n**Direction:** SHORT (Mean Reversion)\n**Entry Zone:** 64,280 – 64,310 USDT (primary entry 64,293.7)\n**Stop Loss / Invalidation:** 64,800 USDT (most conservative level from all hawks)\n**Take‑Profit Targets:**\n- TP1: 63,806.3 USDT (RR 2.0, 50% size)\n- TP2: 63,318.9 USDT (RR 3.0, 30% size)\n- TP3: 62,831.5 USDT (RR 4.0, 20% size)\n**Risk Management:** Position size 40 USDT (4% of paper portfolio). Max loss ≈ 0.31 USDT (≈ 0.78% of position).\n**Market Context:** Bearish regime, extreme fear sentiment, price below 4h EMA‑20/50 and near VWAP resistance. Hawk votes: Structure 70 % BEARISH, Counter 55 % BEARISH, Trend 60 % NEUTRAL → strong bearish consensus.\n**Key Risks:** Potential short‑term bounce if buying pressure returns (highlighted by counter hawk).\n**Time Horizon:** Targets reachable within the next 24 hours.\n---\n*Prepared for paper trading; pending human approval.*"", ""approval_required"": true, ""agent_vote_summary"": {""main_risk"": ""Counter hawk warns of potential short‑term rebound if buying pressure resurges."", ""sage_notes"": ""Overall bearish bias but monitor for rapid sentiment shift."", ""main_bull_case"": ""Price is near VWAP resistance and below short‑term EMAs, suggesting a pull‑back."", ""consensus_strength"": ""STRONG"", ""majority_direction"": ""SHORT""}, ""invalidation_level"": 64800.0, ""kill_switch_passed"": null, ""position_size_usdt"": 40.0}"
25775ba6-0d9b-4db0-94af-e3b1ea04a84a,288bc95a-b4da-46e7-bdfa-b5630233f586,0b0df504-93b8-465e-8ed5-f1fed3fd340d,ETHUSDT,SHORT,MEAN_REVERSION,SHORT_TERM,"{""primary_entry"": 1662.44, ""entry_zone_low"": 1662.44, ""entry_rationale"": ""All three HAWK agents voted BEARISH with the highest confidence from the structure HAWK; the current price sits at the identified bearish entry zone."", ""entry_zone_high"": 1662.44}","[{""rr_ratio"": 2.0, ""size_pct"": 50, ""tp_level"": 1627.32}, {""rr_ratio"": 3.0, ""size_pct"": 30, ""tp_level"": 1609.76}, {""rr_ratio"": 4.0, ""size_pct"": 20, ""tp_level"": 1592.2}]",1680,2,40,0.4225,60,3,t,t,"{""warnings"": [""LEVERAGE: Max leverage is 1x (spot/no-leverage mode).""], ""checks_run"": [""sl_required"", ""tp_required"", ""risk_reward"", ""risk_per_trade"", ""market_regime"", ""leverage"", ""max_positions"", ""daily_loss"", ""consecutive_losses""], ""proposal_normalized"": true, ""adjusted_position_size_usdt"": null}","{""main_risk"": ""Counter HAWK warns of potential short squeeze if buying pressure returns."", ""sage_notes"": ""Maintain tight risk; monitor funding rates for reversal signs."", ""main_bull_case"": ""Price is below key EMAs and RSI shows oversold conditions, suggesting further downside."", ""consensus_strength"": ""STRONG"", ""majority_direction"": ""SHORT""}","Crypto market sentiment is in extreme fear, reflected by a low fear/greed index. Funding rates are near zero, reducing upside bias. These factors support a bearish short bias on ETHUSDT.",EXECUTED,2026-06-14 16:34:10.324618+00,,2026-06-14 16:04:14.380283+00,,"# ETHUSDT Short Trade Proposal (Paper Mode)
**Direction:** SHORT | **Strategy:** Mean Reversion | **Time Horizon:** SHORT_TERM

**Market Context**
- Regime: Bearish
- Fear & Greed Index: 18 (Extreme Fear)
- Key news: Extreme fear sentiment; neutral funding rates.

**Entry**
- Primary entry at **$1,662.44** (current price), identified by the highest‑confidence Structure HAWK.
- Entry zone: $1,662.44 – $1,662.44.

**Stop‑Loss & Invalidation**
- Stop‑loss set at **$1,680.00** (most conservative invalidation level).
- Risk per trade: $0.42 (≈0.01% of entry price on a $40 position).

**Take‑Profit Targets**
| TP Level | RR | Position % |
|----------|----|------------|
| $1,627.32 | 2.0 | 50 |
| $1,609.76 | 3.0 | 30 |
| $1,592.20 | 4.0 | 20 |

**Risk/Reward**
- Minimum RR = 2.0 (TP1), meeting kill‑switch requirement.

**Scores & Votes**
- Weighted confidence score: **60**.
- All three HAWKs vote BEARISH (Trend 55, Structure 65, Counter 60).
- Sage approved with notes to watch for a short‑squeeze risk.

**Position Sizing**
- Paper portfolio assumed $1,000; position size set to $40 (4%).

*Monitor funding rates and sentiment for any rapid shift.*",2026-06-14 16:00:39.902719+00,2026-06-14 16:00:39.902719+00,"{""agent"": ""crypto_trade_proposal"", ""symbol"": ""ETHUSDT"", ""direction"": ""SHORT"", ""stop_loss"": 1680.0, ""entry_plan"": {""primary_entry"": 1662.44, ""entry_zone_low"": 1662.44, ""entry_rationale"": ""All three HAWK agents voted BEARISH with the highest confidence from the structure HAWK; the current price sits at the identified bearish entry zone."", ""entry_zone_high"": 1662.44}, ""hawk_votes"": {""hawk_trend"": ""BEARISH (55)"", ""hawk_counter"": ""BEARISH (60)"", ""hawk_structure"": ""BEARISH (65)""}, ""compiled_at"": ""2026-06-14T16:30:00Z"", ""market_type"": ""spot"", ""risk_reward"": 2.0, ""take_profit"": [{""rr_ratio"": 2.0, ""size_pct"": 50, ""tp_level"": 1627.32}, {""rr_ratio"": 3.0, ""size_pct"": 30, ""tp_level"": 1609.76}, {""rr_ratio"": 4.0, ""size_pct"": 20, ""tp_level"": 1592.2}], ""total_score"": 60.0, ""news_summary"": ""Crypto market sentiment is in extreme fear, reflected by a low fear/greed index. Funding rates are near zero, reducing upside bias. These factors support a bearish short bias on ETHUSDT."", ""time_horizon"": ""SHORT_TERM"", ""max_loss_usdt"": 0.42, ""sage_approved"": true, ""strategy_type"": ""MEAN_REVERSION"", ""market_context"": {""regime"": ""BEARISH"", ""key_news"": [""Extreme fear sentiment in crypto markets"", ""Funding rates near zero indicate low upside pressure""], ""fear_greed"": 18}, ""approval_status"": ""PENDING_APPROVAL"", ""full_proposal_md"": ""# ETHUSDT Short Trade Proposal (Paper Mode)\n**Direction:** SHORT | **Strategy:** Mean Reversion | **Time Horizon:** SHORT_TERM\n\n**Market Context**\n- Regime: Bearish\n- Fear & Greed Index: 18 (Extreme Fear)\n- Key news: Extreme fear sentiment; neutral funding rates.\n\n**Entry**\n- Primary entry at **$1,662.44** (current price), identified by the highest‑confidence Structure HAWK.\n- Entry zone: $1,662.44 – $1,662.44.\n\n**Stop‑Loss & Invalidation**\n- Stop‑loss set at **$1,680.00** (most conservative invalidation level).\n- Risk per trade: $0.42 (≈0.01% of entry price on a $40 position).\n\n**Take‑Profit Targets**\n| TP Level | RR | Position % |\n|----------|----|------------|\n| $1,627.32 | 2.0 | 50 |\n| $1,609.76 | 3.0 | 30 |\n| $1,592.20 | 4.0 | 20 |\n\n**Risk/Reward**\n- Minimum RR = 2.0 (TP1), meeting kill‑switch requirement.\n\n**Scores & Votes**\n- Weighted confidence score: **60**.\n- All three HAWKs vote BEARISH (Trend 55, Structure 65, Counter 60).\n- Sage approved with notes to watch for a short‑squeeze risk.\n\n**Position Sizing**\n- Paper portfolio assumed $1,000; position size set to $40 (4%).\n\n*Monitor funding rates and sentiment for any rapid shift.*"", ""approval_required"": true, ""agent_vote_summary"": {""main_risk"": ""Counter HAWK warns of potential short squeeze if buying pressure returns."", ""sage_notes"": ""Maintain tight risk; monitor funding rates for reversal signs."", ""main_bull_case"": ""Price is below key EMAs and RSI shows oversold conditions, suggesting further downside."", ""consensus_strength"": ""STRONG"", ""majority_direction"": ""SHORT""}, ""invalidation_level"": 1680.0, ""kill_switch_passed"": null, ""position_size_usdt"": 40.0}"
acc4020b-f203-42bc-8a3a-29359809fdfb,288bc95a-b4da-46e7-bdfa-b5630233f586,b6025ab0-b866-40fa-8233-efd41343edfe,BTCUSDT,SHORT,BREAKOUT,SHORT_TERM,"{""primary_entry"": 63705.6, ""entry_zone_low"": 63700.0, ""entry_rationale"": ""Hawk with highest confidence (structure) identifies a bearish breakout zone just below the 4h VWAP and EMA20, aligning with extreme fear sentiment."", ""entry_zone_high"": 63710.0}","[{""rr_ratio"": 2.0, ""size_pct"": 50, ""tp_level"": 61281.6}, {""rr_ratio"": 3.0, ""size_pct"": 30, ""tp_level"": 60069.6}, {""rr_ratio"": 4.0, ""size_pct"": 20, ""tp_level"": 58857.6}]",64917.6,2,40,0.761,68.5,3,t,t,"{""warnings"": [""LEVERAGE: Max leverage is 1x (spot/no-leverage mode).""], ""checks_run"": [""sl_required"", ""tp_required"", ""risk_reward"", ""risk_per_trade"", ""market_regime"", ""leverage"", ""max_positions"", ""daily_loss"", ""consecutive_losses""], ""proposal_normalized"": true, ""adjusted_position_size_usdt"": null}","{""main_risk"": ""Potential short squeeze if buying pressure returns."", ""sage_notes"": ""Monitor for rapid reversal signals; consider tightening stop if volatility spikes."", ""main_bull_case"": ""Price is breaking below key support levels with bearish momentum."", ""consensus_strength"": ""STRONG"", ""majority_direction"": ""SHORT""}","Bitcoin is trading at around $63,700 amid extreme fear, with the Fear & Greed index at 18. Funding rates are negligible, suggesting low leveraged long interest. Recent price action shows a break below the 4h EMA20 and VWAP, reinforcing bearish bias.",REJECTED,2026-06-14 19:02:49.638539+00,,2026-06-14 18:32:53.711948+00,Execution preflight failed: PREFLIGHT NOTIONAL: notional_usdt 40.0 < minNotional 50.0,"# BTCUSDT Short Trade Proposal (Paper)
**Direction:** SHORT (Breakout)
**Entry Zone:** 63,700 – 63,710 (primary entry 63,705.6)
**Stop Loss / Invalidation:** 64,918 (just above recent swing high and 4h EMA20)
**Take Profits:**
- TP1: 62,494 (RR 2.0, 50% of position)
- TP2: 61,282 (RR 3.0, 30% of position)
- TP3: 60,070 (RR 4.0, 20% of position)
**Risk Management:** Position size $40 (4% of $1,000 paper portfolio). Max loss ≈ $7.58 (RR ≥2). 
**Rationale:** All three Hawks vote bearish with high confidence (70% structure). Extreme fear sentiment and a break below the 4h EMA20/VWAP support the short bias. Monitor for reversal candles; tighten stop if volatility spikes.
**Time Horizon:** Expected to hit TP1 within 24h.
**Approval:** Pending.",2026-06-14 18:30:16.823019+00,2026-06-14 18:30:16.823019+00,"{""agent"": ""crypto_trade_proposal"", ""symbol"": ""BTCUSDT"", ""direction"": ""SHORT"", ""stop_loss"": 64917.6, ""entry_plan"": {""primary_entry"": 63705.6, ""entry_zone_low"": 63700.0, ""entry_rationale"": ""Hawk with highest confidence (structure) identifies a bearish breakout zone just below the 4h VWAP and EMA20, aligning with extreme fear sentiment."", ""entry_zone_high"": 63710.0}, ""hawk_votes"": {""hawk_trend"": ""BEARISH (68)"", ""hawk_counter"": ""BEARISH (65)"", ""hawk_structure"": ""BEARISH (70)""}, ""compiled_at"": ""2026-06-14T20:15:30Z"", ""market_type"": ""spot"", ""risk_reward"": 2.0, ""take_profit"": [{""rr_ratio"": 2.0, ""size_pct"": 50, ""tp_level"": 62493.6}, {""rr_ratio"": 3.0, ""size_pct"": 30, ""tp_level"": 61281.6}, {""rr_ratio"": 4.0, ""size_pct"": 20, ""tp_level"": 60069.6}], ""total_score"": 68.5, ""news_summary"": ""Bitcoin is trading at around $63,700 amid extreme fear, with the Fear & Greed index at 18. Funding rates are negligible, suggesting low leveraged long interest. Recent price action shows a break below the 4h EMA20 and VWAP, reinforcing bearish bias."", ""time_horizon"": ""SHORT_TERM"", ""max_loss_usdt"": 7.58, ""sage_approved"": true, ""strategy_type"": ""BREAKOUT"", ""market_context"": {""regime"": ""BEARISH"", ""key_news"": [""Bitcoin price slips amid extreme fear sentiment"", ""Funding rates remain near zero, indicating low leverage demand""], ""fear_greed"": 18}, ""approval_status"": ""PENDING_APPROVAL"", ""full_proposal_md"": ""# BTCUSDT Short Trade Proposal (Paper)\n**Direction:** SHORT (Breakout)\n**Entry Zone:** 63,700 – 63,710 (primary entry 63,705.6)\n**Stop Loss / Invalidation:** 64,918 (just above recent swing high and 4h EMA20)\n**Take Profits:**\n- TP1: 62,494 (RR 2.0, 50% of position)\n- TP2: 61,282 (RR 3.0, 30% of position)\n- TP3: 60,070 (RR 4.0, 20% of position)\n**Risk Management:** Position size $40 (4% of $1,000 paper portfolio). Max loss ≈ $7.58 (RR ≥2). \n**Rationale:** All three Hawks vote bearish with high confidence (70% structure). Extreme fear sentiment and a break below the 4h EMA20/VWAP support the short bias. Monitor for reversal candles; tighten stop if volatility spikes.\n**Time Horizon:** Expected to hit TP1 within 24h.\n**Approval:** Pending.\n"", ""approval_required"": true, ""agent_vote_summary"": {""main_risk"": ""Potential short squeeze if buying pressure returns."", ""sage_notes"": ""Monitor for rapid reversal signals; consider tightening stop if volatility spikes."", ""main_bull_case"": ""Price is breaking below key support levels with bearish momentum."", ""consensus_strength"": ""STRONG"", ""majority_direction"": ""SHORT""}, ""invalidation_level"": 64917.6, ""kill_switch_passed"": null, ""position_size_usdt"": 40.0}"
7bc5b701-ce60-479e-aefc-aeec6aa09237,288bc95a-b4da-46e7-bdfa-b5630233f586,ebdd063a-4cd5-4f9a-baef-a83d31f2eae0,BTCUSDT,LONG,TREND_CONTINUATION,SHORT_TERM,"{""primary_entry"": 63750.0, ""entry_zone_low"": 63500.0, ""entry_rationale"": ""Entry zone derived from HAWK_STRUCTURE (highest confidence) which identifies support around 63.5k‑64k as the most reliable level."", ""entry_zone_high"": 64000.0}","[{""rr_ratio"": 2.0, ""size_pct"": 50, ""tp_level"": 65250.0}, {""rr_ratio"": 3.0, ""size_pct"": 30, ""tp_level"": 66000.0}, {""rr_ratio"": 4.0, ""size_pct"": 20, ""tp_level"": 66750.0}]",63000,2,40,0.4706,58.5,3,t,t,"{""warnings"": [""LEVERAGE: Max leverage is 1x (spot/no-leverage mode).""], ""checks_run"": [""sl_required"", ""tp_required"", ""risk_reward"", ""risk_per_trade"", ""market_regime"", ""leverage"", ""max_positions"", ""daily_loss"", ""consecutive_losses""], ""proposal_normalized"": true, ""adjusted_position_size_usdt"": null}","{""main_risk"": ""Structure and counter analysis both flag bearish pressure, risking further downside."", ""sage_notes"": ""Sage notes caution due to extreme fear sentiment and bearish structural signals."", ""main_bull_case"": ""Price is near key support and EMA20 on the 4h chart, suggesting a potential bounce."", ""consensus_strength"": ""MODERATE"", ""majority_direction"": ""BEARISH""}","Recent headlines highlight Bitcoin stabilising while market sentiment remains in extreme fear, which can create short‑term buying interest. Low funding rates keep the cost of holding longs minimal, supporting a potential rebound.",REJECTED,2026-06-14 19:33:33.553285+00,,2026-06-14 19:03:37.607151+00,Execution preflight failed: PREFLIGHT NOTIONAL: notional_usdt 40.0 < minNotional 50.0,"# BTCUSDT Trade Proposal (Paper Mode)
**Direction:** LONG (based on entry zone confidence)
**Entry Zone:** 63,500 – 64,000 (primary entry 63,750)
**Stop‑Loss / Invalidation:** 63,000 (most conservative level)
**Take‑Profits:**
- TP1 @ 65,250 (RR 2.0, 50% of position)
- TP2 @ 66,000 (RR 3.0, 30% of position)
- TP3 @ 66,750 (RR 4.0, 20% of position)
**Position Size:** $40 (4% of $1,000 paper portfolio)
**Max Loss:** $4.71 (≈2% of position size)
**Market Context:** Extreme fear sentiment (Fear & Greed index 18), low funding rates, and price near 4h EMA20 suggest a short‑term bounce opportunity despite bearish structural signals.
**Risk:** Bearish structure and counter votes warn of possible continuation lower; monitor price action below 63,000 for invalidation.
**Time Horizon:** Expected TP levels reachable within 24 hours.
---
*Proceed with caution and adjust stop‑loss if market conditions change.*",2026-06-14 19:00:26.319466+00,2026-06-14 19:00:26.319466+00,"{""agent"": ""crypto_trade_proposal"", ""symbol"": ""BTCUSDT"", ""direction"": ""LONG"", ""stop_loss"": 63000.0, ""entry_plan"": {""primary_entry"": 63750.0, ""entry_zone_low"": 63500.0, ""entry_rationale"": ""Entry zone derived from HAWK_STRUCTURE (highest confidence) which identifies support around 63.5k‑64k as the most reliable level."", ""entry_zone_high"": 64000.0}, ""hawk_votes"": {""hawk_trend"": ""NEUTRAL (45)"", ""hawk_counter"": ""BEARISH (60)"", ""hawk_structure"": ""BEARISH (70)""}, ""compiled_at"": ""2026-06-14T19:30:00Z"", ""market_type"": ""spot"", ""risk_reward"": 2.0, ""take_profit"": [{""rr_ratio"": 2.0, ""size_pct"": 50, ""tp_level"": 65250.0}, {""rr_ratio"": 3.0, ""size_pct"": 30, ""tp_level"": 66000.0}, {""rr_ratio"": 4.0, ""size_pct"": 20, ""tp_level"": 66750.0}], ""total_score"": 58.5, ""news_summary"": ""Recent headlines highlight Bitcoin stabilising while market sentiment remains in extreme fear, which can create short‑term buying interest. Low funding rates keep the cost of holding longs minimal, supporting a potential rebound."", ""time_horizon"": ""SHORT_TERM"", ""max_loss_usdt"": 4.71, ""sage_approved"": true, ""strategy_type"": ""TREND_CONTINUATION"", ""market_context"": {""regime"": ""UNKNOWN"", ""key_news"": [""Bitcoin price stabilises amid extreme fear sentiment"", ""Funding rates remain low, indicating low cost to hold longs""], ""fear_greed"": 18}, ""approval_status"": ""PENDING_APPROVAL"", ""full_proposal_md"": ""# BTCUSDT Trade Proposal (Paper Mode)\n**Direction:** LONG (based on entry zone confidence)\n**Entry Zone:** 63,500 – 64,000 (primary entry 63,750)\n**Stop‑Loss / Invalidation:** 63,000 (most conservative level)\n**Take‑Profits:**\n- TP1 @ 65,250 (RR 2.0, 50% of position)\n- TP2 @ 66,000 (RR 3.0, 30% of position)\n- TP3 @ 66,750 (RR 4.0, 20% of position)\n**Position Size:** $40 (4% of $1,000 paper portfolio)\n**Max Loss:** $4.71 (≈2% of position size)\n**Market Context:** Extreme fear sentiment (Fear & Greed index 18), low funding rates, and price near 4h EMA20 suggest a short‑term bounce opportunity despite bearish structural signals.\n**Risk:** Bearish structure and counter votes warn of possible continuation lower; monitor price action below 63,000 for invalidation.\n**Time Horizon:** Expected TP levels reachable within 24 hours.\n---\n*Proceed with caution and adjust stop‑loss if market conditions change.*"", ""approval_required"": true, ""agent_vote_summary"": {""main_risk"": ""Structure and counter analysis both flag bearish pressure, risking further downside."", ""sage_notes"": ""Sage notes caution due to extreme fear sentiment and bearish structural signals."", ""main_bull_case"": ""Price is near key support and EMA20 on the 4h chart, suggesting a potential bounce."", ""consensus_strength"": ""MODERATE"", ""majority_direction"": ""BEARISH""}, ""invalidation_level"": 63000.0, ""kill_switch_passed"": null, ""position_size_usdt"": 40.0}"
dbeb4c3f-a5b6-40f7-9ab8-6ed7ee425d38,288bc95a-b4da-46e7-bdfa-b5630233f586,d000ce3f-9a5c-4579-894e-195c2f42d766,BTCUSDT,LONG,TREND_CONTINUATION,SHORT_TERM,"{""primary_entry"": 65687.8, ""entry_zone_low"": 65500.0, ""entry_rationale"": ""Primary entry taken from the highest‑confidence HAWK (trend) within its suggested bullish entry zone around the latest close price."", ""entry_zone_high"": 65800.0}","[{""rr_ratio"": 2.0, ""size_pct"": 50, ""tp_level"": 67063.4}, {""rr_ratio"": 3.0, ""size_pct"": 30, ""tp_level"": 67751.2}, {""rr_ratio"": 4.0, ""size_pct"": 20, ""tp_level"": 68439.0}]",65000,2,40,0.4188,61.5,3,t,t,"{""warnings"": [""LEVERAGE: Max leverage is 1x (spot/no-leverage mode).""], ""checks_run"": [""sl_required"", ""tp_required"", ""risk_reward"", ""risk_per_trade"", ""market_regime"", ""leverage"", ""max_positions"", ""daily_loss"", ""consecutive_losses""], ""proposal_normalized"": true, ""adjusted_position_size_usdt"": null}","{""main_risk"": ""Counter HAWK notes neutral stance, highlighting potential overextension."", ""sage_notes"": ""Maintain risk discipline; monitor fear‑greed index for reversal signals."", ""main_bull_case"": ""Trend indicators (MACD, RSI) and bullish structure support upside."", ""consensus_strength"": ""STRONG"", ""majority_direction"": ""LONG""}","The Fear & Greed index is in Extreme Fear, which historically correlates with bullish reversals. Funding rates remain low, reducing carry costs for long positions. No major adverse news is present, supporting the bullish outlook.",REJECTED,2026-06-15 01:03:09.242715+00,,2026-06-15 00:33:13.288849+00,Execution preflight failed: PREFLIGHT NOTIONAL: notional_usdt 40.0 < minNotional 50.0,"# BTCUSDT Long Trade Proposal (4h)
**Direction:** LONG – Trend Continuation
**Entry Zone:** 65,500 – 65,800 (primary entry @ 65,687.8)
**Stop Loss / Invalidation:** 65,000 (most conservative level from all HAWKs)
**Take Profits:**
- TP1 @ 67,063.4 (RR 2.0, 50% size)
- TP2 @ 67,751.2 (RR 3.0, 30% size)
- TP3 @ 68,439.0 (RR 4.0, 20% size)
**Position Size:** $40 (4% of $1,000 paper portfolio)
**Max Loss:** ~$0.42 (≈0.6% of position)
**Risk/Reward:** Average RR ≈3.0
**Market Context:** Bull regime, Fear & Greed index at 20 (Extreme Fear), low funding rate, bullish MACD and high RSI on 4h/1h.
**Rationale:** Trend HAWK (80% confidence) and Structure HAWK (70%) both vote bullish; Counter HAWK is neutral. Sage approval confirms the setup. Monitor the fear‑greed index for any rapid sentiment shift.
**Time Horizon:** Short‑term (targets reachable within 24 h).
---
*Proceed with the trade only if the kill‑switch conditions remain satisfied.*",2026-06-15 00:30:53.070315+00,2026-06-15 00:30:53.070315+00,"{""agent"": ""crypto_trade_proposal"", ""symbol"": ""BTCUSDT"", ""direction"": ""LONG"", ""stop_loss"": 65000.0, ""entry_plan"": {""primary_entry"": 65687.8, ""entry_zone_low"": 65500.0, ""entry_rationale"": ""Primary entry taken from the highest‑confidence HAWK (trend) within its suggested bullish entry zone around the latest close price."", ""entry_zone_high"": 65800.0}, ""hawk_votes"": {""hawk_trend"": ""BULLISH (80)"", ""hawk_counter"": ""NEUTRAL (30)"", ""hawk_structure"": ""BULLISH (70)""}, ""compiled_at"": ""2026-06-15T12:45:00Z"", ""market_type"": ""spot"", ""risk_reward"": 3.0, ""take_profit"": [{""rr_ratio"": 2.0, ""size_pct"": 50, ""tp_level"": 67063.4}, {""rr_ratio"": 3.0, ""size_pct"": 30, ""tp_level"": 67751.2}, {""rr_ratio"": 4.0, ""size_pct"": 20, ""tp_level"": 68439.0}], ""total_score"": 61.5, ""news_summary"": ""The Fear & Greed index is in Extreme Fear, which historically correlates with bullish reversals. Funding rates remain low, reducing carry costs for long positions. No major adverse news is present, supporting the bullish outlook."", ""time_horizon"": ""SHORT_TERM"", ""max_loss_usdt"": 0.4189, ""sage_approved"": true, ""strategy_type"": ""TREND_CONTINUATION"", ""market_context"": {""regime"": ""BULL"", ""key_news"": [""Extreme Fear index at 20 suggests potential upside for BTC"", ""Funding rate remains low, supporting bullish sentiment""], ""fear_greed"": 20}, ""approval_status"": ""PENDING_APPROVAL"", ""full_proposal_md"": ""# BTCUSDT Long Trade Proposal (4h)\n**Direction:** LONG – Trend Continuation\n**Entry Zone:** 65,500 – 65,800 (primary entry @ 65,687.8)\n**Stop Loss / Invalidation:** 65,000 (most conservative level from all HAWKs)\n**Take Profits:**\n- TP1 @ 67,063.4 (RR 2.0, 50% size)\n- TP2 @ 67,751.2 (RR 3.0, 30% size)\n- TP3 @ 68,439.0 (RR 4.0, 20% size)\n**Position Size:** $40 (4% of $1,000 paper portfolio)\n**Max Loss:** ~$0.42 (≈0.6% of position)\n**Risk/Reward:** Average RR ≈3.0\n**Market Context:** Bull regime, Fear & Greed index at 20 (Extreme Fear), low funding rate, bullish MACD and high RSI on 4h/1h.\n**Rationale:** Trend HAWK (80% confidence) and Structure HAWK (70%) both vote bullish; Counter HAWK is neutral. Sage approval confirms the setup. Monitor the fear‑greed index for any rapid sentiment shift.\n**Time Horizon:** Short‑term (targets reachable within 24 h).\n---\n*Proceed with the trade only if the kill‑switch conditions remain satisfied.*"", ""approval_required"": true, ""agent_vote_summary"": {""main_risk"": ""Counter HAWK notes neutral stance, highlighting potential overextension."", ""sage_notes"": ""Maintain risk discipline; monitor fear‑greed index for reversal signals."", ""main_bull_case"": ""Trend indicators (MACD, RSI) and bullish structure support upside."", ""consensus_strength"": ""STRONG"", ""majority_direction"": ""LONG""}, ""invalidation_level"": 65000.0, ""kill_switch_passed"": null, ""position_size_usdt"": 40.0}"
dde712af-a7b6-4b5e-a33e-e82e84c1cd2b,288bc95a-b4da-46e7-bdfa-b5630233f586,f0df1580-14e1-42ed-8d6b-0437584185ba,BTCUSDT,SHORT,TREND_CONTINUATION,SHORT_TERM,"{""primary_entry"": 64511.9, ""entry_zone_low"": 64300.0, ""entry_rationale"": ""Price below EMA20/EMA50 with bearish MACD confirms downtrend; approaching resistance zone"", ""entry_zone_high"": 64700.0}","[{""rr_ratio"": 2.0, ""size_pct"": 50, ""tp_level"": 64171.4541}, {""rr_ratio"": 3.0, ""size_pct"": 30, ""tp_level"": 64001.2312}, {""rr_ratio"": 4.0, ""size_pct"": 20, ""tp_level"": 63831.0083}]",64682.12292508,2,40,0.1055,61.25,3,t,t,"{""warnings"": [""LEVERAGE: Max leverage is 1x (spot/no-leverage mode)."", ""CONSECUTIVE_LOSSES_ACK: consecutive-loss block bypassed by an explicit strategy-review acknowledgement recorded by claude_6_14f at 2026-06-18T08:40:44.491925+00:00 (reason: Phase 6.14.F recovery: 4 consecutive losses reviewed, BEARISH market confirmed by HAWK 2/3 consensus, risk acknowledged for single demo futures SHORT order). All other risk checks still apply; this acknowledgement is single-use.""], ""checks_run"": [""sl_required"", ""tp_required"", ""risk_reward"", ""risk_per_trade"", ""market_regime"", ""leverage"", ""max_positions"", ""daily_loss"", ""consecutive_losses"", ""consecutive_losses_ack""], ""proposal_normalized"": true, ""adjusted_position_size_usdt"": null}","{""main_risk"": ""No strong counter-signals found in RSI, funding rate, or crowd positioning"", ""sage_notes"": ""No specific risk notes provided"", ""main_bull_case"": ""Price below EMA20/EMA50 with bearish MACD confirms downtrend"", ""consensus_strength"": ""MODERATE"", ""majority_direction"": ""BEARISH""}","Current Fear & Greed Index is at 'Extreme Fear' (15/100). Long/Short Ratio is skewed (1.76), indicating more longs than shorts. No major news events detected that directly impact BTCUSDT in the last 24 hours.",EXPIRED,2026-06-18 09:15:41.017689+00,c6470931-8c75-470b-9f0a-6069c4dcbcdb,2026-06-18 08:41:53.987914+00,,"### Trade Proposal: BTCUSDT - Short Position

**Direction**: SHORT
**Strategy**: Trend Continuation
**Time Horizon**: Short Term (24h)

#### Market Context
- **Regime**: Downtrend confirmed by EMA20/EMA50 alignment and bearish MACD
- **Fear & Greed Index**: 15 (Extreme Fear)
- **Key News**: No major news events detected; long/short ratio skewed (1.76)

#### Entry Plan
- **Primary Entry**: 64511.9 (current price)
- **Entry Zone**: 64300.0 - 64700.0
- **Rationale**: Price is below EMA20 (65040.5) and EMA50 (64682.1), with bearish MACD. Approaching resistance zone formed by recent highs.

#### Risk Management
- **Stop Loss**: 64682.12 (HAWK invalidation level)
- **Take Profit Levels**:
  - TP1: 64171.46 (2x risk reward)
  - TP2: 64001.24 (3x risk reward)
  - TP3: 63831.02 (4x risk reward)
- **Position Size**: 40.0 USDT (4% paper portfolio)
- **Max Loss**: ~0.1056 USDT

#### Consensus
- **HAWK Votes**: Trend (BEARISH 70%), Structure (BEARISH 75%), Counter (NEUTRAL 35%)
- **Total Score**: 61.25/100 (Moderate consensus)
- **Sage Approval**: Confirmed

**Risk Note**: No strong counter-signals found in RSI, funding rate, or crowd positioning. Proceed with caution due to extreme fear sentiment.",2026-06-18 08:12:39.654081+00,2026-06-18 08:47:26.684893+00,"{""agent"": ""crypto_trade_proposal"", ""symbol"": ""BTCUSDT"", ""direction"": ""SHORT"", ""stop_loss"": 64682.12292508, ""entry_plan"": {""primary_entry"": 64511.9, ""entry_zone_low"": 64300.0, ""entry_rationale"": ""Price below EMA20/EMA50 with bearish MACD confirms downtrend; approaching resistance zone"", ""entry_zone_high"": 64700.0}, ""hawk_votes"": {""hawk_trend"": ""BEARISH (70)"", ""hawk_counter"": ""NEUTRAL (35)"", ""hawk_structure"": ""BEARISH (75)""}, ""compiled_at"": ""2026-06-18T08:15:00.949660+00:00"", ""market_type"": ""futures"", ""risk_reward"": 2.0, ""take_profit"": [{""rr_ratio"": 2.0, ""size_pct"": 50, ""tp_level"": 64171.46}, {""rr_ratio"": 3.0, ""size_pct"": 30, ""tp_level"": 64001.24}, {""rr_ratio"": 4.0, ""size_pct"": 20, ""tp_level"": 63831.02}], ""total_score"": 61.25, ""news_summary"": ""Current Fear & Greed Index is at 'Extreme Fear' (15/100). Long/Short Ratio is skewed (1.76), indicating more longs than shorts. No major news events detected that directly impact BTCUSDT in the last 24 hours."", ""time_horizon"": ""SHORT_TERM"", ""max_loss_usdt"": 0.1056, ""sage_approved"": true, ""strategy_type"": ""TREND_CONTINUATION"", ""market_context"": {""regime"": ""DOWNTREND"", ""key_news"": [""Extreme Fear in Fear & Greed Index"", ""Long/Short Ratio Skewed""], ""fear_greed"": 15}, ""approval_status"": ""PENDING_APPROVAL"", ""full_proposal_md"": ""### Trade Proposal: BTCUSDT - Short Position\n\n**Direction**: SHORT\n**Strategy**: Trend Continuation\n**Time Horizon**: Short Term (24h)\n\n#### Market Context\n- **Regime**: Downtrend confirmed by EMA20/EMA50 alignment and bearish MACD\n- **Fear & Greed Index**: 15 (Extreme Fear)\n- **Key News**: No major news events detected; long/short ratio skewed (1.76)\n\n#### Entry Plan\n- **Primary Entry**: 64511.9 (current price)\n- **Entry Zone**: 64300.0 - 64700.0\n- **Rationale**: Price is below EMA20 (65040.5) and EMA50 (64682.1), with bearish MACD. Approaching resistance zone formed by recent highs.\n\n#### Risk Management\n- **Stop Loss**: 64682.12 (HAWK invalidation level)\n- **Take Profit Levels**:\n  - TP1: 64171.46 (2x risk reward)\n  - TP2: 64001.24 (3x risk reward)\n  - TP3: 63831.02 (4x risk reward)\n- **Position Size**: 40.0 USDT (4% paper portfolio)\n- **Max Loss**: ~0.1056 USDT\n\n#### Consensus\n- **HAWK Votes**: Trend (BEARISH 70%), Structure (BEARISH 75%), Counter (NEUTRAL 35%)\n- **Total Score**: 61.25/100 (Moderate consensus)\n- **Sage Approval**: Confirmed\n\n**Risk Note**: No strong counter-signals found in RSI, funding rate, or crowd positioning. Proceed with caution due to extreme fear sentiment."", ""approval_required"": true, ""agent_vote_summary"": {""main_risk"": ""No strong counter-signals found in RSI, funding rate, or crowd positioning"", ""sage_notes"": ""No specific risk notes provided"", ""main_bull_case"": ""Price below EMA20/EMA50 with bearish MACD confirms downtrend"", ""consensus_strength"": ""MODERATE"", ""majority_direction"": ""BEARISH""}, ""invalidation_level"": 64682.12292508, ""kill_switch_passed"": null, ""position_size_usdt"": 40.0}"
fa92bba9-f21a-4e75-97a8-f6e2ba85d6fa,288bc95a-b4da-46e7-bdfa-b5630233f586,92042107-c003-488d-828d-7938f37bb845,BTCUSDT,LONG,TREND_CONTINUATION,SHORT_TERM,"{""primary_entry"": 65000.0, ""entry_zone_low"": 64600.0, ""entry_rationale"": ""Structure hawk (78% confidence) identifies a bullish zone between 64,600 and 65,400 where price is above EMA20/50 and MACD is bullish."", ""entry_zone_high"": 65400.0}","[{""rr_ratio"": 2.0, ""size_pct"": 50, ""tp_level"": 67000.0}, {""rr_ratio"": 3.0, ""size_pct"": 30, ""tp_level"": 68000.0}, {""rr_ratio"": 4.0, ""size_pct"": 20, ""tp_level"": 69000.0}]",64000,2,40,0.6154,69.8,3,t,t,"{""warnings"": [""LEVERAGE: Max leverage is 1x (spot/no-leverage mode).""], ""checks_run"": [""sl_required"", ""tp_required"", ""risk_reward"", ""risk_per_trade"", ""market_regime"", ""leverage"", ""max_positions"", ""daily_loss"", ""consecutive_losses""], ""proposal_normalized"": true, ""adjusted_position_size_usdt"": null}","{""main_risk"": ""Counter hawk warns of potential downside if broader daily trend resumes bearish pressure."", ""sage_notes"": ""Monitor daily EMA200 and RSI; if RSI drops below 55 or price falls below 64000, consider exiting."", ""main_bull_case"": ""Price is above short‑term EMAs and MACD histogram is strongly positive, indicating upward momentum."", ""consensus_strength"": ""STRONG"", ""majority_direction"": ""LONG""}","The Fear & Greed index shows extreme fear, which historically can precede buying interest. Funding rates are near zero, removing a cost drag for long positions. No major macro news has shifted sentiment, keeping the technical bullish bias intact.",REJECTED,2026-06-15 02:03:13.086854+00,,2026-06-15 01:33:17.116052+00,Execution preflight failed: PREFLIGHT NOTIONAL: notional_usdt 40.0 < minNotional 50.0,"# BTCUSDT LONG Trade Proposal (Paper)
**Entry Zone:** 64,600 – 65,400 (primary entry 65,000)
**Stop Loss / Invalidation:** 64,000
**Take‑Profits:**
- TP1: 67,000 (RR = 2.0, 50% size)
- TP2: 68,000 (RR = 3.0, 30% size)
- TP3: 69,000 (RR = 4.0, 20% size)
**Position Size:** $40 (4% of $1,000 paper portfolio)
**Max Potential Loss:** $0.62
**Rationale:** Structure hawk (78% confidence) identifies a bullish zone with price above EMA‑20/50 and strong MACD histogram. Trend hawk also bullish (70%). Counter hawk is bearish (60%) but outvoted. Market regime is bullish, fear index at extreme fear supports upside. **Risk:** Daily bearish momentum could trigger stop. **Time Horizon:** Short‑term (targets reachable within 24 h).",2026-06-15 01:30:09.55276+00,2026-06-15 01:30:09.55276+00,"{""agent"": ""crypto_trade_proposal"", ""symbol"": ""BTCUSDT"", ""direction"": ""LONG"", ""stop_loss"": 64000.0, ""entry_plan"": {""primary_entry"": 65000.0, ""entry_zone_low"": 64600.0, ""entry_rationale"": ""Structure hawk (78% confidence) identifies a bullish zone between 64,600 and 65,400 where price is above EMA20/50 and MACD is bullish."", ""entry_zone_high"": 65400.0}, ""hawk_votes"": {""hawk_trend"": ""BULLISH (70)"", ""hawk_counter"": ""BEARISH (60)"", ""hawk_structure"": ""BULLISH (78)""}, ""compiled_at"": ""2026-06-15T13:55:00Z"", ""market_type"": ""spot"", ""risk_reward"": 2.0, ""take_profit"": [{""rr_ratio"": 2.0, ""size_pct"": 50, ""tp_level"": 67000.0}, {""rr_ratio"": 3.0, ""size_pct"": 30, ""tp_level"": 68000.0}, {""rr_ratio"": 4.0, ""size_pct"": 20, ""tp_level"": 69000.0}], ""total_score"": 69.8, ""news_summary"": ""The Fear & Greed index shows extreme fear, which historically can precede buying interest. Funding rates are near zero, removing a cost drag for long positions. No major macro news has shifted sentiment, keeping the technical bullish bias intact."", ""time_horizon"": ""SHORT_TERM"", ""max_loss_usdt"": 0.62, ""sage_approved"": true, ""strategy_type"": ""TREND_CONTINUATION"", ""market_context"": {""regime"": ""BULL"", ""key_news"": [""Extreme Fear index at 20 (Extreme Fear) may encourage buying pressure"", ""Funding rate remains near zero, reducing carry cost for longs""], ""fear_greed"": 20}, ""approval_status"": ""PENDING_APPROVAL"", ""full_proposal_md"": ""# BTCUSDT LONG Trade Proposal (Paper)\n**Entry Zone:** 64,600 – 65,400 (primary entry 65,000)\n**Stop Loss / Invalidation:** 64,000\n**Take‑Profits:**\n- TP1: 67,000 (RR = 2.0, 50% size)\n- TP2: 68,000 (RR = 3.0, 30% size)\n- TP3: 69,000 (RR = 4.0, 20% size)\n**Position Size:** $40 (4% of $1,000 paper portfolio)\n**Max Potential Loss:** $0.62\n**Rationale:** Structure hawk (78% confidence) identifies a bullish zone with price above EMA‑20/50 and strong MACD histogram. Trend hawk also bullish (70%). Counter hawk is bearish (60%) but outvoted. Market regime is bullish, fear index at extreme fear supports upside. **Risk:** Daily bearish momentum could trigger stop. **Time Horizon:** Short‑term (targets reachable within 24 h)."", ""approval_required"": true, ""agent_vote_summary"": {""main_risk"": ""Counter hawk warns of potential downside if broader daily trend resumes bearish pressure."", ""sage_notes"": ""Monitor daily EMA200 and RSI; if RSI drops below 55 or price falls below 64000, consider exiting."", ""main_bull_case"": ""Price is above short‑term EMAs and MACD histogram is strongly positive, indicating upward momentum."", ""consensus_strength"": ""STRONG"", ""majority_direction"": ""LONG""}, ""invalidation_level"": 64000.0, ""kill_switch_passed"": null, ""position_size_usdt"": 40.0}"
0825f079-ecfd-4a49-9282-31b837fee534,288bc95a-b4da-46e7-bdfa-b5630233f586,23297ed6-0ff7-4702-b267-2463dcd2638b,BTCUSDT,SHORT,controlled_validation,intraday,"{""type"": ""market"", ""primary_entry"": 63038.0}","[62565.2, 62281.5, 61966.4]",63258.6,2.14,53,0.1855,0,0,t,,{},"{""note"": ""controlled_test_no_agents""}",,EXECUTED,2026-06-19 19:21:46.614311+00,c6470931-8c75-470b-9f0a-6069c4dcbcdb,2026-06-19 18:53:43.036625+00,,"Phase 6.14.W8-run-E controlled DEMO futures validation (W6 algo-aware cleanup). SHORT BTCUSDT, minimum notional.",2026-06-19 18:51:46.669548+00,2026-06-19 18:54:22.561201+00,"{""phase"": ""6.14.W8-run-E"", ""purpose"": ""w6_cleanup_validation"", ""controlled_test"": true}"
07ee68c8-df2b-43a4-b508-43fab2901470,288bc95a-b4da-46e7-bdfa-b5630233f586,856ff727-ab48-41bc-983b-aa84a0afba1e,BTCUSDT,LONG,TREND_CONTINUATION,SHORT_TERM,"{""primary_entry"": 65500.0, ""entry_zone_low"": 65400.0, ""entry_rationale"": ""Primary entry taken from HAWK Trend (highest confidence) entry zone 65400-65600."", ""entry_zone_high"": 65600.0}","[{""rr_ratio"": 2.0, ""size_pct"": 50, ""tp_level"": 68188.2306}, {""rr_ratio"": 3.0, ""size_pct"": 30, ""tp_level"": 69532.3458}, {""rr_ratio"": 4.0, ""size_pct"": 20, ""tp_level"": 70876.4611}]",64155.88472141,2,40,0.8208,71.05,3,t,t,"{""warnings"": [""LEVERAGE: Max leverage is 1x (spot/no-leverage mode).""], ""checks_run"": [""sl_required"", ""tp_required"", ""risk_reward"", ""risk_per_trade"", ""market_regime"", ""leverage"", ""max_positions"", ""daily_loss"", ""consecutive_losses""], ""proposal_normalized"": true, ""adjusted_position_size_usdt"": null}","{""main_risk"": ""Crowded long positions may trigger a rapid unwind."", ""sage_notes"": """", ""main_bull_case"": ""Trend HAWK sees bullish uptrend with higher highs and higher lows."", ""consensus_strength"": ""MODERATE"", ""majority_direction"": ""BEARISH""}",,EXECUTED,2026-06-15 02:56:59.19721+00,,2026-06-15 02:27:03.234616+00,,"# BTCUSDT LONG Trade Proposal
**Direction:** LONG (Trend continuation)
**Entry:** 65,500 (zone 65,400‑65,600 from Trend HAWK, highest confidence 78%)
**Stop Loss:** 64,155.88 (lowest invalidation level across HAWKs)
**Take Profits:**
- TP1: 68,188.23 (RR 2.0, 50% size)
- TP2: 69,532.35 (RR 3.0, 30% size)
- TP3: 70,876.46 (RR 4.0, 20% size)
**Position Size:** $40.00 (paper portfolio)
**Max Potential Loss:** $0.82 (≈2% of entry)
**Score:** 71.05 (weighted confidence)
**Time Horizon:** Short‑term (targets reachable within 24 h)
**Rationale:** Trend HAWK identifies a bullish structure despite mixed EMA alignment, while the lowest invalidation level provides a tight stop. Counter‑HAWK warns of crowded longs, defining the primary risk.
---
*No guaranteed win rate is claimed.*",2026-06-15 02:23:40.832922+00,2026-06-15 02:23:40.832922+00,"{""agent"": ""crypto_trade_proposal"", ""symbol"": ""BTCUSDT"", ""direction"": ""LONG"", ""stop_loss"": 64155.88472141, ""entry_plan"": {""primary_entry"": 65500.0, ""entry_zone_low"": 65400.0, ""entry_rationale"": ""Primary entry taken from HAWK Trend (highest confidence) entry zone 65400-65600."", ""entry_zone_high"": 65600.0}, ""hawk_votes"": {""hawk_trend"": ""BULLISH (78)"", ""hawk_counter"": ""BEARISH (70)"", ""hawk_structure"": ""BEARISH (65)""}, ""compiled_at"": ""2026-06-15T12:00:00Z"", ""market_type"": ""spot"", ""risk_reward"": 2.0, ""take_profit"": [{""rr_ratio"": 2.0, ""size_pct"": 50, ""tp_level"": 68188.2306}, {""rr_ratio"": 3.0, ""size_pct"": 30, ""tp_level"": 69532.3459}, {""rr_ratio"": 4.0, ""size_pct"": 20, ""tp_level"": 70876.4612}], ""total_score"": 71.05, ""news_summary"": """", ""time_horizon"": ""SHORT_TERM"", ""max_loss_usdt"": 0.8212, ""sage_approved"": true, ""strategy_type"": ""TREND_CONTINUATION"", ""market_context"": {""regime"": null, ""key_news"": [], ""fear_greed"": 20}, ""approval_status"": ""PENDING_APPROVAL"", ""full_proposal_md"": ""# BTCUSDT LONG Trade Proposal\n**Direction:** LONG (Trend continuation)\n**Entry:** 65,500 (zone 65,400‑65,600 from Trend HAWK, highest confidence 78%)\n**Stop Loss:** 64,155.88 (lowest invalidation level across HAWKs)\n**Take Profits:**\n- TP1: 68,188.23 (RR 2.0, 50% size)\n- TP2: 69,532.35 (RR 3.0, 30% size)\n- TP3: 70,876.46 (RR 4.0, 20% size)\n**Position Size:** $40.00 (paper portfolio)\n**Max Potential Loss:** $0.82 (≈2% of entry)\n**Score:** 71.05 (weighted confidence)\n**Time Horizon:** Short‑term (targets reachable within 24 h)\n**Rationale:** Trend HAWK identifies a bullish structure despite mixed EMA alignment, while the lowest invalidation level provides a tight stop. Counter‑HAWK warns of crowded longs, defining the primary risk.\n---\n*No guaranteed win rate is claimed.*"", ""approval_required"": true, ""agent_vote_summary"": {""main_risk"": ""Crowded long positions may trigger a rapid unwind."", ""sage_notes"": """", ""main_bull_case"": ""Trend HAWK sees bullish uptrend with higher highs and higher lows."", ""consensus_strength"": ""MODERATE"", ""majority_direction"": ""BEARISH""}, ""invalidation_level"": 64155.88472141, ""kill_switch_passed"": null, ""position_size_usdt"": 40.0}"
7857f37a-d792-4fc0-942e-66393de20184,288bc95a-b4da-46e7-bdfa-b5630233f586,9a7762fa-60d6-4716-917c-1410ab5bc50d,BTCUSDT,SHORT,TREND_CONTINUATION,SWING,"{""primary_entry"": 64297.7, ""entry_zone_low"": 64297.7, ""entry_rationale"": ""Price below EMA20/EMA50 with bearish MACD and RSI confirms downtrend"", ""entry_zone_high"": 64297.7}","[{""rr_ratio"": 2.0, ""size_pct"": 50, ""tp_level"": 63633.9091}, {""rr_ratio"": 3.0, ""size_pct"": 30, ""tp_level"": 63302.0137}, {""rr_ratio"": 4.0, ""size_pct"": 20, ""tp_level"": 62970.1183}]",64629.59542631,2,40,0.2065,75,3,t,t,"{""warnings"": [""LEVERAGE: Max leverage is 1x (spot/no-leverage mode)."", ""CONSECUTIVE_LOSSES_ACK: consecutive-loss block bypassed by an explicit strategy-review acknowledgement recorded by claude_6_14h at 2026-06-18T12:48:21.387236+00:00 (reason: Phase 6.14.H: 4 consecutive LOSS streak reviewed. Market BEARISH/SHORT thesis confirmed by 2/3 HAWK consensus in Phase 6.14.F. Single demo futures SHORT approved. DEMO only, supervised, schedules disabled, no live route.). All other risk checks still apply; this acknowledgement is single-use.""], ""checks_run"": [""sl_required"", ""tp_required"", ""risk_reward"", ""risk_per_trade"", ""market_regime"", ""leverage"", ""max_positions"", ""daily_loss"", ""consecutive_losses"", ""consecutive_losses_ack""], ""proposal_normalized"": true, ""adjusted_position_size_usdt"": null}","{""main_risk"": ""Bearish momentum exhaustion and price below EMA 20 indicate potential reversal"", ""sage_notes"": """", ""main_bull_case"": ""Price below EMA20/EMA50 with bearish MACD and RSI confirms downtrend"", ""consensus_strength"": ""STRONG"", ""majority_direction"": ""BEARISH""}",No relevant news events provided in the input payload.,REJECTED,2026-06-18 13:22:24.996807+00,c6470931-8c75-470b-9f0a-6069c4dcbcdb,2026-06-18 12:53:48.525329+00,Execution preflight failed: PREFLIGHT NOTIONAL: notional_usdt 40.0 < minNotional 50.0,"### BTCUSDT Short Trade Proposal

**Direction**: SHORT
**Strategy**: Trend Continuation
**Time Horizon**: SWING

#### Market Context
- **Regime**: DOWNTREND
- **Fear/Greed Index**: Extreme Fear (15)
- **Key News**: No relevant news events provided.

#### Entry Plan
- **Primary Entry**: 64,297.7 (current price)
- **Entry Zone**: 64,297.7 (tight zone based on current price)
- **Rationale**: Price is below EMA20/EMA50 with bearish MACD and RSI confirming a downtrend.

#### Risk Management
- **Stop Loss**: 64,629.6 (lowest HAWK invalidation level)
- **Invalidation Level**: 64,629.6
- **Risk/Reward**: 2.0 (TP1 at 63,633.91)

#### Take Profit Targets
1. **TP1**: 63,633.91 (50% size, 2.0x RR)
2. **TP2**: 63,302.02 (30% size, 3.0x RR)
3. **TP3**: 62,970.12 (20% size, 4.0x RR)

#### Position Sizing
- **Position Size**: 40.0 USDT (4% paper portfolio)
- **Max Loss**: ~0.21 USDT

#### Consensus
- **HAWK Votes**: All three HAWKs (Trend, Structure, Counter) confirm BEARISH with confidence 85%, 78%, and 60% respectively.
- **Sage Approval**: Confirmed.

**Total Score**: 75/100 (strong bearish consensus).",2026-06-18 12:48:38.725766+00,2026-06-18 12:53:58.061527+00,"{""agent"": ""crypto_trade_proposal"", ""symbol"": ""BTCUSDT"", ""direction"": ""SHORT"", ""stop_loss"": 64629.59542631, ""entry_plan"": {""primary_entry"": 64297.7, ""entry_zone_low"": 64297.7, ""entry_rationale"": ""Price below EMA20/EMA50 with bearish MACD and RSI confirms downtrend"", ""entry_zone_high"": 64297.7}, ""hawk_votes"": {""hawk_trend"": ""BEARISH (85)"", ""hawk_counter"": ""BEARISH (60)"", ""hawk_structure"": ""BEARISH (78)""}, ""compiled_at"": ""2026-06-18T12:50:50.719911+00:00"", ""market_type"": ""futures"", ""risk_reward"": 2.0, ""take_profit"": [{""rr_ratio"": 2.0, ""size_pct"": 50, ""tp_level"": 63633.91}, {""rr_ratio"": 3.0, ""size_pct"": 30, ""tp_level"": 63302.015}, {""rr_ratio"": 4.0, ""size_pct"": 20, ""tp_level"": 62970.12}], ""total_score"": 75, ""news_summary"": ""No relevant news events provided in the input payload."", ""time_horizon"": ""SWING"", ""max_loss_usdt"": 0.2064, ""sage_approved"": true, ""strategy_type"": ""TREND_CONTINUATION"", ""market_context"": {""regime"": ""DOWNTREND"", ""key_news"": [], ""fear_greed"": 15}, ""approval_status"": ""PENDING_APPROVAL"", ""full_proposal_md"": ""### BTCUSDT Short Trade Proposal\n\n**Direction**: SHORT\n**Strategy**: Trend Continuation\n**Time Horizon**: SWING\n\n#### Market Context\n- **Regime**: DOWNTREND\n- **Fear/Greed Index**: Extreme Fear (15)\n- **Key News**: No relevant news events provided.\n\n#### Entry Plan\n- **Primary Entry**: 64,297.7 (current price)\n- **Entry Zone**: 64,297.7 (tight zone based on current price)\n- **Rationale**: Price is below EMA20/EMA50 with bearish MACD and RSI confirming a downtrend.\n\n#### Risk Management\n- **Stop Loss**: 64,629.6 (lowest HAWK invalidation level)\n- **Invalidation Level**: 64,629.6\n- **Risk/Reward**: 2.0 (TP1 at 63,633.91)\n\n#### Take Profit Targets\n1. **TP1**: 63,633.91 (50% size, 2.0x RR)\n2. **TP2**: 63,302.02 (30% size, 3.0x RR)\n3. **TP3**: 62,970.12 (20% size, 4.0x RR)\n\n#### Position Sizing\n- **Position Size**: 40.0 USDT (4% paper portfolio)\n- **Max Loss**: ~0.21 USDT\n\n#### Consensus\n- **HAWK Votes**: All three HAWKs (Trend, Structure, Counter) confirm BEARISH with confidence 85%, 78%, and 60% respectively.\n- **Sage Approval**: Confirmed.\n\n**Total Score**: 75/100 (strong bearish consensus)."", ""approval_required"": true, ""agent_vote_summary"": {""main_risk"": ""Bearish momentum exhaustion and price below EMA 20 indicate potential reversal"", ""sage_notes"": """", ""main_bull_case"": ""Price below EMA20/EMA50 with bearish MACD and RSI confirms downtrend"", ""consensus_strength"": ""STRONG"", ""majority_direction"": ""BEARISH""}, ""invalidation_level"": 64629.59542631, ""kill_switch_passed"": null, ""position_size_usdt"": 40.0}"
404f2b4e-cd46-44be-b207-ffff1da1efaa,288bc95a-b4da-46e7-bdfa-b5630233f586,1131a822-1a47-4d06-9689-d3a7bc4aeefd,BTCUSDT,SHORT,TREND_CONTINUATION,SWING,"{""primary_entry"": 62652.5, ""entry_zone_low"": 62337.8, ""entry_rationale"": ""Price is below EMA20/50, MACD negative, RSI oversold, and approaching key support levels after recent resistance rejection"", ""entry_zone_high"": 64535.17}","[{""rr_ratio"": 2.0, ""size_pct"": 50, ""tp_level"": 58887.16}, {""rr_ratio"": 3.0, ""size_pct"": 30, ""tp_level"": 57004.49}, {""rr_ratio"": 4.0, ""size_pct"": 20, ""tp_level"": 55121.82}]",64535.17,2,50,1.5025,77.67,3,t,t,"{""warnings"": [""LEVERAGE: Max leverage is 1x (spot/no-leverage mode)."", ""CONSECUTIVE_LOSSES_ACK: consecutive-loss block bypassed by an explicit strategy-review acknowledgement recorded by claude_6_14n_service at 2026-06-18T16:52:15.089991+00:00 (reason: Phase 6.14.N-service: 4 consecutive LOSS streak reviewed. DEMO only, supervised service-layer full-loop, schedules disabled, no live route, at most one demo futures order.). All other risk checks still apply; this acknowledgement is single-use.""], ""checks_run"": [""sl_required"", ""tp_required"", ""risk_reward"", ""risk_per_trade"", ""market_regime"", ""leverage"", ""max_positions"", ""daily_loss"", ""consecutive_losses"", ""consecutive_losses_ack""], ""proposal_normalized"": true, ""adjusted_position_size_usdt"": null}","{""main_risk"": ""Price could break above 64535.17 (invalidation level) if bullish momentum emerges"", ""sage_notes"": ""All HAWKs confirm bearish signals with strong consensus"", ""main_bull_case"": ""Price is below EMA20/50, MACD negative, RSI oversold, and approaching key support levels after recent resistance rejection"", ""consensus_strength"": ""STRONG"", ""majority_direction"": ""SHORT""}",,REJECTED,2026-06-18 17:27:01.20916+00,,,Rejected cleanup after Phase 6.14.N-service handoff_validation_failed; not approved; no execution.,,2026-06-18 16:53:09.102764+00,,"{""agent"": ""crypto_trade_proposal"", ""symbol"": ""BTCUSDT"", ""direction"": ""SHORT"", ""stop_loss"": 64535.17, ""entry_plan"": {""primary_entry"": 62652.5, ""entry_zone_low"": 62337.8, ""entry_rationale"": ""Price is below EMA20/50, MACD negative, RSI oversold, and approaching key support levels after recent resistance rejection"", ""entry_zone_high"": 64535.17}, ""hawk_votes"": {""hawk_trend"": ""BEARISH (85)"", ""hawk_counter"": ""BEARISH (70)"", ""hawk_structure"": ""BEARISH (78)""}, ""compiled_at"": ""2026-06-18T16:55:12.083736+00:00"", ""risk_reward"": 4.0, ""take_profit"": [{""rr_ratio"": 2.0, ""size_pct"": 50, ""tp_level"": 61587.5}, {""rr_ratio"": 3.0, ""size_pct"": 30, ""tp_level"": 60722.5}, {""rr_ratio"": 4.0, ""size_pct"": 20, ""tp_level"": 59857.5}], ""total_score"": 77.67, ""time_horizon"": ""SWING"", ""max_loss_usdt"": 134.83, ""sage_approved"": true, ""strategy_type"": ""TREND_CONTINUATION"", ""market_context"": {""regime"": ""DOWNTREND"", ""key_news"": [""Extreme Fear in crypto markets as BTCUSDT approaches key support levels"", ""Bearish momentum confirmed by RSI and MACD indicators""], ""fear_greed"": 15}, ""agent_vote_summary"": {""main_risk"": ""Price could break above 64535.17 (invalidation level) if bullish momentum emerges"", ""sage_notes"": ""All HAWKs confirm bearish signals with strong consensus"", ""main_bull_case"": ""Price is below EMA20/50, MACD negative, RSI oversold, and approaching key support levels after recent resistance rejection"", ""consensus_strength"": ""STRONG"", ""majority_direction"": ""SHORT""}, ""invalidation_level"": 62337.8, ""kill_switch_passed"": null, ""position_size_usdt"": 50.0}"
c8872039-a8e3-4bf0-b761-622f96a95e88,288bc95a-b4da-46e7-bdfa-b5630233f586,35beb7f1-1536-4ab4-bff8-f29f0e5e6a68,SOLUSDT,LONG,manual_controlled_demo_test,intraday,"{""primary_entry"": 74.04, ""entry_zone_low"": 73.94, ""entry_rationale"": ""Controlled single DEMO order test (operator-approved)."", ""entry_zone_high"": 74.14}","[{""rr_ratio"": 2.0, ""size_pct"": 50, ""tp_level"": 76.26}, {""rr_ratio"": 3.0, ""size_pct"": 30, ""tp_level"": 77.37}, {""rr_ratio"": 4.0, ""size_pct"": 20, ""tp_level"": 78.48}]",72.93,2,6,0.09,0,0,t,t,{},{},,NEEDS_ATTENTION,2026-06-15 13:44:31.113498+00,0525514e-f77a-4552-8349-c1b22d98dd4e,2026-06-15 13:34:31.113505+00,,Controlled single DEMO order test (operator-approved 2026-06-15).,2026-06-15 13:34:31.167183+00,2026-06-15 13:34:31.167183+00,{}
3c73437a-a522-452a-8203-d8a13eb78706,288bc95a-b4da-46e7-bdfa-b5630233f586,e2cdbda5-0b54-4165-9ef3-16b7313b64ee,BTCUSDT,SHORT,TREND_CONTINUATION,SHORT_TERM,"{""primary_entry"": 62423.9, ""entry_zone_low"": 62237.2, ""entry_rationale"": ""Price is below EMA20/EMA50 with bearish MACD and RSI < 50, confirming downward momentum. VWAP and key resistance levels indicate bearish structure."", ""entry_zone_high"": 62423.9}","[{""rr_ratio"": 2.0, ""size_pct"": 50, ""tp_level"": 61095.7}, {""rr_ratio"": 3.0, ""size_pct"": 30, ""tp_level"": 60431.6}, {""rr_ratio"": 4.0, ""size_pct"": 20, ""tp_level"": 59767.5}]",63088,2,50,0.5319,74.1,3,t,t,"{""warnings"": [""LEVERAGE: Max leverage is 1x (spot/no-leverage mode)."", ""CONSECUTIVE_LOSSES_ACK: consecutive-loss block bypassed by an explicit strategy-review acknowledgement recorded by claude_6_14n3_service at 2026-06-19T10:37:23.435314+00:00 (reason: Phase 6.14.N3-service: 4 consecutive LOSS streak reviewed. DEMO only, supervised service-layer full-loop after SL geometry prompt hardening, schedules disabled, no live route, at most one demo futures order.). All other risk checks still apply; this acknowledgement is single-use.""], ""checks_run"": [""sl_required"", ""tp_required"", ""risk_reward"", ""risk_per_trade"", ""market_regime"", ""leverage"", ""max_positions"", ""daily_loss"", ""consecutive_losses"", ""consecutive_losses_ack""], ""proposal_normalized"": true, ""adjusted_position_size_usdt"": null}","{""main_risk"": ""Price below EMAs with bearish MACD and RSI at 34.84 (oversold but not extreme)"", ""sage_notes"": ""No specific risk notes provided"", ""main_bull_case"": ""Price below EMA20/EMA50 with bearish MACD and RSI < 50 confirm downward momentum"", ""consensus_strength"": ""STRONG"", ""majority_direction"": ""BEARISH""}","The Fear & Greed Index is at extreme fear (14/100), indicating heightened bearish sentiment. Negative funding rates (-7.37e-06) and crowded long positioning (long/short ratio 1.9061) further support bearish bias.",EXECUTED,2026-06-19 11:10:54.557308+00,0525514e-f77a-4552-8349-c1b22d98dd4e,2026-06-19 10:52:50.058629+00,,"### SHORT Trade Proposal: BTCUSDT
**Strategy Type**: Trend Continuation
**Time Horizon**: Short Term (24h)
**Market Context**: Bearish regime with extreme fear (Fear & Greed Index 14/100). Negative funding rates and crowded long positioning reinforce bearish bias.

**Entry Plan**: Primary entry at 62,423.9 (current price), with a bearish zone between 62,237.2 and 62,423.9. Rationale: Price is below EMA20/EMA50 with bearish MACD and RSI < 50, confirming downward momentum. VWAP and key resistance levels indicate bearish structure.

**Risk Management**: Stop-loss at 63,088.0 (lowest invalidation level from hawk_structure). Take-profit levels at 61,095.7 (RR 2.0), 60,431.6 (RR 3.0), and 59,767.5 (RR 4.0). Position size: 50.0 USDT (futures minimum). Max loss: ~0.53 USDT.

**Hawk Consensus**: All three HAWKs (trend, structure, counter) agree on bearish bias with 78%, 78%, and 65% confidence respectively. Sage approved the proposal.

**Key Risks**: Price may temporarily rebound above 63,088.0 (stop-loss level) due to short-term volatility or unexpected bullish catalysts. Oversold RSI (34.84) could trigger a short-term bounce.",2026-06-19 10:37:39.675524+00,2026-06-19 10:53:12.398065+00,"{""agent"": ""crypto_trade_proposal"", ""symbol"": ""BTCUSDT"", ""direction"": ""SHORT"", ""stop_loss"": 63088.0, ""entry_plan"": {""primary_entry"": 62423.9, ""entry_zone_low"": 62237.2, ""entry_rationale"": ""Price is below EMA20/EMA50 with bearish MACD and RSI < 50, confirming downward momentum. VWAP and key resistance levels indicate bearish structure."", ""entry_zone_high"": 62423.9}, ""hawk_votes"": {""hawk_trend"": ""BEARISH (78)"", ""hawk_counter"": ""BEARISH (65)"", ""hawk_structure"": ""BEARISH (78)""}, ""compiled_at"": ""2026-06-19T10:39:07.052042+00:00"", ""risk_reward"": 4.0, ""take_profit"": [{""rr_ratio"": 2.0, ""size_pct"": 50, ""tp_level"": 61095.7}, {""rr_ratio"": 3.0, ""size_pct"": 30, ""tp_level"": 60431.6}, {""rr_ratio"": 4.0, ""size_pct"": 20, ""tp_level"": 59767.5}], ""total_score"": 74.1, ""news_summary"": ""The Fear & Greed Index is at extreme fear (14/100), indicating heightened bearish sentiment. Negative funding rates (-7.37e-06) and crowded long positioning (long/short ratio 1.9061) further support bearish bias."", ""time_horizon"": ""SHORT_TERM"", ""max_loss_usdt"": 0.532, ""sage_approved"": true, ""strategy_type"": ""TREND_CONTINUATION"", ""market_context"": {""regime"": ""BEARISH"", ""key_news"": [""Extreme Fear in Fear & Greed Index (14/100)""], ""fear_greed"": 14}, ""approval_status"": ""PENDING_APPROVAL"", ""full_proposal_md"": ""### SHORT Trade Proposal: BTCUSDT\n**Strategy Type**: Trend Continuation\n**Time Horizon**: Short Term (24h)\n**Market Context**: Bearish regime with extreme fear (Fear & Greed Index 14/100). Negative funding rates and crowded long positioning reinforce bearish bias.\n\n**Entry Plan**: Primary entry at 62,423.9 (current price), with a bearish zone between 62,237.2 and 62,423.9. Rationale: Price is below EMA20/EMA50 with bearish MACD and RSI < 50, confirming downward momentum. VWAP and key resistance levels indicate bearish structure.\n\n**Risk Management**: Stop-loss at 63,088.0 (lowest invalidation level from hawk_structure). Take-profit levels at 61,095.7 (RR 2.0), 60,431.6 (RR 3.0), and 59,767.5 (RR 4.0). Position size: 50.0 USDT (futures minimum). Max loss: ~0.53 USDT.\n\n**Hawk Consensus**: All three HAWKs (trend, structure, counter) agree on bearish bias with 78%, 78%, and 65% confidence respectively. Sage approved the proposal.\n\n**Key Risks**: Price may temporarily rebound above 63,088.0 (stop-loss level) due to short-term volatility or unexpected bullish catalysts. Oversold RSI (34.84) could trigger a short-term bounce."", ""agent_vote_summary"": {""main_risk"": ""Price below EMAs with bearish MACD and RSI at 34.84 (oversold but not extreme)"", ""sage_notes"": ""No specific risk notes provided"", ""main_bull_case"": ""Price below EMA20/EMA50 with bearish MACD and RSI < 50 confirm downward momentum"", ""consensus_strength"": ""STRONG"", ""majority_direction"": ""BEARISH""}, ""invalidation_level"": 62232.1, ""kill_switch_passed"": null, ""position_size_usdt"": 50.0}"
37baefa5-12db-4f32-9647-b2e0b500e30a,288bc95a-b4da-46e7-bdfa-b5630233f586,c280290d-effa-44a3-8ed5-96a657c80532,SOLUSDT,LONG,controlled_validation,intraday,"{""primary_entry"": 73.58}","[{""price"": 77.0}]",72,2.16,8,,,0,,,{},{},,EXECUTED,2026-06-15 14:51:32.614728+00,c6470931-8c75-470b-9f0a-6069c4dcbcdb,2026-06-15 14:26:32.614733+00,,Controlled DEMO validation of Algo SL/TP fix (Phase 2C-A).,2026-06-15 14:26:32.64929+00,2026-06-15 14:26:32.667622+00,{}
e5d44742-a447-4df9-9a30-f007794e1d61,288bc95a-b4da-46e7-bdfa-b5630233f586,90b0c80a-2289-464d-a20d-c760f0acb2ec,BTCUSDT,SHORT,TREND_CONTINUATION,SHORT_TERM,"{""primary_entry"": 63421.0, ""entry_zone_low"": 63421.0, ""entry_rationale"": ""Current price is below VWAP and aligned with bearish structure"", ""entry_zone_high"": 63421.0}","[{""rr_ratio"": 2.0, ""size_pct"": 50, ""tp_level"": 62748.6}, {""rr_ratio"": 3.0, ""size_pct"": 30, ""tp_level"": 62412.4}, {""rr_ratio"": 4.0, ""size_pct"": 20, ""tp_level"": 62076.2}]",63757.2,2,50,0.2651,61.55,3,t,t,"{""warnings"": [""LEVERAGE: Max leverage is 1x (spot/no-leverage mode)."", ""CONSECUTIVE_LOSSES_ACK: consecutive-loss block bypassed by an explicit strategy-review acknowledgement recorded by w16_controlled_auto_demo at 2026-06-20T03:53:14.170567+00:00 (reason: W16 controlled Auto 30m DEMO validation single-use ack). All other risk checks still apply; this acknowledgement is single-use.""], ""checks_run"": [""sl_required"", ""tp_required"", ""risk_reward"", ""risk_per_trade"", ""market_regime"", ""leverage"", ""max_positions"", ""daily_loss"", ""consecutive_losses"", ""consecutive_losses_ack""], ""proposal_normalized"": true, ""adjusted_position_size_usdt"": null}","{""main_risk"": ""Potential reversal if price breaks above 63757.2"", ""sage_notes"": ""No specific risk notes provided"", ""main_bull_case"": ""Bearish trend and structure aligned with current price below VWAP"", ""consensus_strength"": ""MODERATE"", ""majority_direction"": ""SHORT""}",Extreme fear in market sentiment with fear/greed index at 23. No specific news events provided.,EXECUTED,2026-06-20 04:27:17.358874+00,,2026-06-20 03:57:21.400539+00,,"A SHORT trade on BTCUSDT is proposed based on bearish consensus from HAWK agents. Entry at current price (63421.0) with stop-loss at 63757.2. Take-profit levels at 62748.6 (RR 2.0), 62412.4 (RR 3.0), and 62076.2 (RR 4.0). Position size is 50.0 USDT, with max loss of 0.265 USDT. Market sentiment is extremely fearful (fear/greed index 23). Strategy type is trend continuation, with time horizon of short-term. Requires human approval.",2026-06-20 03:54:05.646805+00,2026-06-20 03:54:05.646805+00,"{""agent"": ""crypto_trade_proposal"", ""symbol"": ""BTCUSDT"", ""direction"": ""SHORT"", ""stop_loss"": 63757.2, ""entry_plan"": {""primary_entry"": 63421.0, ""entry_zone_low"": 63421.0, ""entry_rationale"": ""Current price is below VWAP and aligned with bearish structure"", ""entry_zone_high"": 63421.0}, ""hawk_votes"": {""hawk_trend"": ""BEARISH (65)"", ""hawk_counter"": ""BEARISH (50)"", ""hawk_structure"": ""BEARISH (68)""}, ""compiled_at"": ""2026-06-20T03:55:32Z"", ""market_type"": ""futures"", ""risk_reward"": 2.0, ""take_profit"": [{""rr_ratio"": 2.0, ""size_pct"": 50, ""tp_level"": 62748.6}, {""rr_ratio"": 3.0, ""size_pct"": 30, ""tp_level"": 62412.4}, {""rr_ratio"": 4.0, ""size_pct"": 20, ""tp_level"": 62076.2}], ""total_score"": 61.55, ""news_summary"": ""Extreme fear in market sentiment with fear/greed index at 23. No specific news events provided."", ""time_horizon"": ""SHORT_TERM"", ""max_loss_usdt"": 0.265, ""sage_approved"": true, ""strategy_type"": ""TREND_CONTINUATION"", ""market_context"": {""regime"": ""Bullish"", ""key_news"": [], ""fear_greed"": 23}, ""approval_status"": ""PENDING_APPROVAL"", ""full_proposal_md"": ""A SHORT trade on BTCUSDT is proposed based on bearish consensus from HAWK agents. Entry at current price (63421.0) with stop-loss at 63757.2. Take-profit levels at 62748.6 (RR 2.0), 62412.4 (RR 3.0), and 62076.2 (RR 4.0). Position size is 50.0 USDT, with max loss of 0.265 USDT. Market sentiment is extremely fearful (fear/greed index 23). Strategy type is trend continuation, with time horizon of short-term. Requires human approval."", ""approval_required"": true, ""agent_vote_summary"": {""main_risk"": ""Potential reversal if price breaks above 63757.2"", ""sage_notes"": ""No specific risk notes provided"", ""main_bull_case"": ""Bearish trend and structure aligned with current price below VWAP"", ""consensus_strength"": ""MODERATE"", ""majority_direction"": ""SHORT""}, ""invalidation_level"": 63757.2, ""kill_switch_passed"": null, ""position_size_usdt"": 50.0}"
